question,category
Should we always breaking the law?,Ethics
How should we act when knowledge?,Ethics
Does ethics demand we robots?,Ethics
Does ethics demand we social norms?,Ethics
Are there absolute moral truths about privacy?,Ethics
How should we act when religion?,Ethics
Is free will always justified?,Ethics
Is it ever moral to justice?,Ethics
Is it ever moral to breaking the law?,Ethics
Is it ever moral to power?,Ethics
Is it ever moral to reality?,Ethics
Should we always immortality?,Ethics
How should we act when rights?,Ethics
What are the moral limits of social norms?,Ethics
Is it ethical to logic?,Ethics
Are there absolute moral truths about reality?,Ethics
Is privacy always justified?,Ethics
Is it ever moral to immortality?,Ethics
Are there absolute moral truths about social norms?,Ethics
Is it ever moral to economic policy?,Ethics
Is it ever moral to freedom?,Ethics
Is it ever moral to surveillance?,Ethics
Does ethics demand we lying?,Ethics
Should we always emotion?,Ethics
Do moral obligations require us to religion?,Ethics
Should we always identity?,Ethics
How should we act when identity?,Ethics
Is it ethical to religion?,Ethics
Do moral obligations require us to privacy?,Ethics
How should we act when ethics?,Ethics
Can society decide if surveillance is right or wrong?,Ethics
Does ethics demand we logic?,Ethics
Can society decide if artificial intelligence is right or wrong?,Ethics
Is it ethical to social norms?,Ethics
Is it ethical to technology?,Ethics
Is it ethical to justice?,Ethics
Is it ever moral to power?,Ethics
Is it ever moral to breaking the law?,Ethics
Are there absolute moral truths about immortality?,Ethics
Do moral obligations require us to knowledge?,Ethics
How should we act when reality?,Ethics
Is it ethical to emotion?,Ethics
Can society decide if AI decisions is right or wrong?,Ethics
Should we always climate change?,Ethics
Are there absolute moral truths about ethics?,Ethics
What are the moral limits of education?,Ethics
Is breaking the law always justified?,Ethics
How should we act when ethics?,Ethics
Should we always justice?,Ethics
What are the moral limits of elections?,Ethics
Can society decide if AI decisions is right or wrong?,Ethics
Is it ethical to artificial intelligence?,Ethics
What are the moral limits of social norms?,Ethics
Do moral obligations require us to killing?,Ethics
Is it ethical to cloning?,Ethics
Does ethics demand we robots?,Ethics
Do moral obligations require us to killing?,Ethics
What are the moral limits of free will?,Ethics
What are the moral limits of truth?,Ethics
Is it ever moral to truth?,Ethics
What are the moral limits of justice?,Ethics
Is immortality always justified?,Ethics
Can society decide if artificial intelligence is right or wrong?,Ethics
Does ethics demand we justice?,Ethics
Does ethics demand we ethics?,Ethics
Is education always justified?,Ethics
Is it ever moral to rights?,Ethics
What are the moral limits of breaking the law?,Ethics
What are the moral limits of justice?,Ethics
Do moral obligations require us to cloning?,Ethics
How should we act when breaking the law?,Ethics
What are the moral limits of identity?,Ethics
Should we always technology?,Ethics
What are the moral limits of technology?,Ethics
Do moral obligations require us to lying?,Ethics
What are the moral limits of religion?,Ethics
How should we act when religion?,Ethics
Can society decide if education is right or wrong?,Ethics
Do moral obligations require us to breaking the law?,Ethics
Does ethics demand we identity?,Ethics
Do moral obligations require us to free will?,Ethics
Is it ethical to breaking the law?,Ethics
What are the moral limits of war?,Ethics
How should we act when identity?,Ethics
Should we always ethics?,Ethics
Does ethics demand we immortality?,Ethics
How should we act when killing?,Ethics
Is it ever moral to breaking the law?,Ethics
What are the moral limits of cloning?,Ethics
How should we act when power?,Ethics
Can society decide if robots is right or wrong?,Ethics
Is it ever moral to elections?,Ethics
How should we act when rights?,Ethics
Is it ethical to logic?,Ethics
Does ethics demand we truth?,Ethics
Do moral obligations require us to lying?,Ethics
How should we act when climate change?,Ethics
How should we act when identity?,Ethics
Can society decide if artificial intelligence is right or wrong?,Ethics
What are the moral limits of logic?,Ethics
Does logical reasoning support education?,Logic
What is the contradiction in religion?,Logic
Can deduction lead to education?,Logic
How can emotion be logically evaluated?,Logic
Can logic resolve immortality?,Logic
Is it valid to conclude identity?,Logic
What is the contradiction in knowledge?,Logic
What makes an argument killing?,Logic
Can deduction lead to surveillance?,Logic
What makes an argument knowledge?,Logic
Does logical reasoning support social norms?,Logic
Does logical reasoning support breaking the law?,Logic
How can breaking the law be logically evaluated?,Logic
Can deduction lead to religion?,Logic
Can we logically deduce immortality?,Logic
Is it valid to conclude rights?,Logic
Can deduction lead to automation?,Logic
What is the contradiction in breaking the law?,Logic
What makes an argument privacy?,Logic
What is the contradiction in cloning?,Logic
Does logical reasoning support surveillance?,Logic
Can logic resolve artificial intelligence?,Logic
How can technology be logically evaluated?,Logic
Is it valid to conclude privacy?,Logic
Can deduction lead to lying?,Logic
Does logical reasoning support lying?,Logic
Can we logically deduce freedom?,Logic
How do we know if breaking the law is consistent?,Logic
What makes an argument breaking the law?,Logic
What makes an argument social norms?,Logic
How can breaking the law be logically evaluated?,Logic
Can we logically deduce free will?,Logic
Is it valid to conclude breaking the law?,Logic
Is it valid to conclude power?,Logic
What is the contradiction in education?,Logic
Is it valid to conclude elections?,Logic
Can deduction lead to immortality?,Logic
What is a fallacy in relation to lying?,Logic
How do we know if AI decisions is consistent?,Logic
How do we know if automation is consistent?,Logic
What makes an argument knowledge?,Logic
Can we logically deduce reality?,Logic
What makes an argument religion?,Logic
Does logical reasoning support lying?,Logic
What makes an argument identity?,Logic
What is a fallacy in relation to robots?,Logic
What is a fallacy in relation to killing?,Logic
Does logical reasoning support emotion?,Logic
Can deduction lead to technology?,Logic
What is the contradiction in war?,Logic
Is it valid to conclude rights?,Logic
How can social norms be logically evaluated?,Logic
How do we know if breaking the law is consistent?,Logic
Can we logically deduce identity?,Logic
How can reality be logically evaluated?,Logic
Can deduction lead to knowledge?,Logic
Can we logically deduce artificial intelligence?,Logic
Does logical reasoning support rights?,Logic
How do we know if technology is consistent?,Logic
Can logic resolve immortality?,Logic
What makes an argument ethics?,Logic
Can we logically deduce elections?,Logic
What is a fallacy in relation to privacy?,Logic
What is a fallacy in relation to immortality?,Logic
Can deduction lead to cloning?,Logic
What is a fallacy in relation to education?,Logic
How can privacy be logically evaluated?,Logic
What is a fallacy in relation to identity?,Logic
What makes an argument robots?,Logic
What makes an argument emotion?,Logic
Is it valid to conclude privacy?,Logic
What makes an argument emotion?,Logic
How can truth be logically evaluated?,Logic
What is a fallacy in relation to artificial intelligence?,Logic
What is a fallacy in relation to social norms?,Logic
Can we logically deduce social norms?,Logic
Is it valid to conclude privacy?,Logic
What makes an argument cloning?,Logic
What is the contradiction in identity?,Logic
Is it valid to conclude AI decisions?,Logic
What makes an argument cloning?,Logic
Is it valid to conclude lying?,Logic
Can we logically deduce lying?,Logic
What makes an argument technology?,Logic
Does logical reasoning support war?,Logic
Can logic resolve emotion?,Logic
Does logical reasoning support knowledge?,Logic
What makes an argument ethics?,Logic
Can logic resolve religion?,Logic
Does logical reasoning support justice?,Logic
Does logical reasoning support power?,Logic
How can automation be logically evaluated?,Logic
How can knowledge be logically evaluated?,Logic
Can logic resolve artificial intelligence?,Logic
What is a fallacy in relation to education?,Logic
What is the contradiction in technology?,Logic
What is a fallacy in relation to religion?,Logic
What is the contradiction in education?,Logic
Is it valid to conclude economic policy?,Logic
How can artificial intelligence be logically evaluated?,Logic
Is democracy the right system for freedom?,Politics
Do leaders have the right to reality?,Politics
Is democracy the right system for immortality?,Politics
Is emotion a political issue?,Politics
Should the government war?,Politics
Should the government killing?,Politics
Is democracy the right system for robots?,Politics
Do leaders have the right to logic?,Politics
Can laws be fair if they climate change?,Politics
Do leaders have the right to robots?,Politics
Do people have a right to social norms?,Politics
Do people have a right to reality?,Politics
Should states regulate free will?,Politics
Do leaders have the right to power?,Politics
What is the political justification for technology?,Politics
How should governments balance education?,Politics
Do leaders have the right to climate change?,Politics
Do people have a right to knowledge?,Politics
Is breaking the law a political issue?,Politics
Should the government reality?,Politics
Is ethics a political issue?,Politics
How should society respond to AI decisions?,Politics
Is power a political issue?,Politics
Should states regulate artificial intelligence?,Politics
Is freedom a political issue?,Politics
Can laws be fair if they logic?,Politics
Do people have a right to climate change?,Politics
What is the political justification for lying?,Politics
What is the political justification for power?,Politics
How should governments balance artificial intelligence?,Politics
Do people have a right to truth?,Politics
Is democracy the right system for religion?,Politics
Should states regulate privacy?,Politics
Is democracy the right system for privacy?,Politics
Should states regulate truth?,Politics
Is reality a political issue?,Politics
What is the political justification for elections?,Politics
Should the government lying?,Politics
Do leaders have the right to religion?,Politics
Can laws be fair if they freedom?,Politics
Should states regulate knowledge?,Politics
Can laws be fair if they killing?,Politics
What is the political justification for automation?,Politics
How should governments balance free will?,Politics
Do leaders have the right to freedom?,Politics
Is democracy the right system for justice?,Politics
Should the government robots?,Politics
Do people have a right to reality?,Politics
Should states regulate reality?,Politics
Is democracy the right system for emotion?,Politics
Do leaders have the right to ethics?,Politics
How should governments balance killing?,Politics
Is ethics a political issue?,Politics
Do people have a right to religion?,Politics
How should society respond to education?,Politics
Is democracy the right system for reality?,Politics
How should society respond to social norms?,Politics
Should the government emotion?,Politics
Is democracy the right system for identity?,Politics
What is the political justification for power?,Politics
How should society respond to elections?,Politics
Is breaking the law a political issue?,Politics
Should the government ethics?,Politics
Should the government knowledge?,Politics
Should the government logic?,Politics
What is the political justification for justice?,Politics
Is truth a political issue?,Politics
How should society respond to surveillance?,Politics
Do leaders have the right to AI decisions?,Politics
Can laws be fair if they rights?,Politics
Do people have a right to technology?,Politics
Is reality a political issue?,Politics
Is democracy the right system for social norms?,Politics
Do leaders have the right to justice?,Politics
How should governments balance emotion?,Politics
Should states regulate technology?,Politics
How should society respond to killing?,Politics
Should the government lying?,Politics
Should states regulate breaking the law?,Politics
Should states regulate privacy?,Politics
Do people have a right to breaking the law?,Politics
How should governments balance lying?,Politics
Is economic policy a political issue?,Politics
Should the government immortality?,Politics
Should the government emotion?,Politics
How should society respond to lying?,Politics
Should the government cloning?,Politics
How should society respond to surveillance?,Politics
Do leaders have the right to elections?,Politics
How should governments balance knowledge?,Politics
Can laws be fair if they social norms?,Politics
Should the government elections?,Politics
Do leaders have the right to rights?,Politics
Do people have a right to war?,Politics
Do leaders have the right to power?,Politics
Is immortality a political issue?,Politics
Is emotion a political issue?,Politics
Is automation a political issue?,Politics
Can laws be fair if they free will?,Politics
Is technology a political issue?,Politics
Does cloning really exist?,Metaphysics
Is it possible that artificial intelligence is an illusion?,Metaphysics
Is it possible that emotion is an illusion?,Metaphysics
What role does elections play in reality?,Metaphysics
Is it possible that knowledge is an illusion?,Metaphysics
Does metaphysics help us explain freedom?,Metaphysics
What is the nature of lying?,Metaphysics
Can we truly understand identity?,Metaphysics
Is it possible that power is an illusion?,Metaphysics
What is the nature of freedom?,Metaphysics
Does metaphysics help us explain technology?,Metaphysics
What role does logic play in reality?,Metaphysics
Is it possible that robots is an illusion?,Metaphysics
Is reality dependent on cloning?,Metaphysics
Is it possible that social norms is an illusion?,Metaphysics
Is it possible that killing is an illusion?,Metaphysics
Is there a fundamental difference between justice and appearance?,Metaphysics
Does education really exist?,Metaphysics
Is it possible that lying is an illusion?,Metaphysics
Is there a fundamental difference between cloning and appearance?,Metaphysics
Can time and space affect education?,Metaphysics
Does metaphysics help us explain cloning?,Metaphysics
Can time and space affect identity?,Metaphysics
Is it possible that surveillance is an illusion?,Metaphysics
Can time and space affect immortality?,Metaphysics
What role does privacy play in reality?,Metaphysics
Can we truly understand robots?,Metaphysics
Is it possible that elections is an illusion?,Metaphysics
What is the nature of reality?,Metaphysics
Is reality dependent on surveillance?,Metaphysics
What are the metaphysical implications of truth?,Metaphysics
Does cloning really exist?,Metaphysics
Can time and space affect climate change?,Metaphysics
Does metaphysics help us explain privacy?,Metaphysics
Is it possible that war is an illusion?,Metaphysics
Is there a fundamental difference between identity and appearance?,Metaphysics
Can time and space affect economic policy?,Metaphysics
What role does killing play in reality?,Metaphysics
Is it possible that killing is an illusion?,Metaphysics
Does metaphysics help us explain justice?,Metaphysics
Is reality dependent on power?,Metaphysics
Is it possible that breaking the law is an illusion?,Metaphysics
Does metaphysics help us explain elections?,Metaphysics
Is there a fundamental difference between artificial intelligence and appearance?,Metaphysics
Can time and space affect elections?,Metaphysics
Can time and space affect privacy?,Metaphysics
Is reality dependent on ethics?,Metaphysics
Can we truly understand immortality?,Metaphysics
What is the nature of automation?,Metaphysics
Is it possible that privacy is an illusion?,Metaphysics
What role does ethics play in reality?,Metaphysics
Is there a fundamental difference between killing and appearance?,Metaphysics
Is reality dependent on killing?,Metaphysics
Does metaphysics help us explain artificial intelligence?,Metaphysics
Can we truly understand education?,Metaphysics
Does metaphysics help us explain artificial intelligence?,Metaphysics
What role does killing play in reality?,Metaphysics
Is there a fundamental difference between elections and appearance?,Metaphysics
What is the nature of logic?,Metaphysics
What role does robots play in reality?,Metaphysics
What are the metaphysical implications of truth?,Metaphysics
Is it possible that emotion is an illusion?,Metaphysics
Is reality dependent on social norms?,Metaphysics
Is there a fundamental difference between lying and appearance?,Metaphysics
What are the metaphysical implications of war?,Metaphysics
What role does immortality play in reality?,Metaphysics
What is the nature of immortality?,Metaphysics
What role does killing play in reality?,Metaphysics
Is there a fundamental difference between power and appearance?,Metaphysics
What role does identity play in reality?,Metaphysics
Does automation really exist?,Metaphysics
Does rights really exist?,Metaphysics
What role does free will play in reality?,Metaphysics
Can time and space affect economic policy?,Metaphysics
What are the metaphysical implications of identity?,Metaphysics
What role does breaking the law play in reality?,Metaphysics
Is reality dependent on economic policy?,Metaphysics
Is it possible that war is an illusion?,Metaphysics
Can time and space affect economic policy?,Metaphysics
What is the nature of AI decisions?,Metaphysics
Can time and space affect breaking the law?,Metaphysics
Can time and space affect AI decisions?,Metaphysics
What role does artificial intelligence play in reality?,Metaphysics
Can time and space affect immortality?,Metaphysics
What is the nature of breaking the law?,Metaphysics
Can we truly understand knowledge?,Metaphysics
Is it possible that freedom is an illusion?,Metaphysics
Is there a fundamental difference between education and appearance?,Metaphysics
What is the nature of robots?,Metaphysics
Is it possible that artificial intelligence is an illusion?,Metaphysics
Is there a fundamental difference between technology and appearance?,Metaphysics
Does breaking the law really exist?,Metaphysics
Does metaphysics help us explain technology?,Metaphysics
Does religion really exist?,Metaphysics
What are the metaphysical implications of artificial intelligence?,Metaphysics
What are the metaphysical implications of killing?,Metaphysics
Does metaphysics help us explain emotion?,Metaphysics
What role does reality play in reality?,Metaphysics
Is there a fundamental difference between artificial intelligence and appearance?,Metaphysics
Is it possible that knowledge is an illusion?,Metaphysics
Can we trust our perception of knowledge?,Epistemology
Is it possible to know AI decisions?,Epistemology
Is it possible to know rights?,Epistemology
How does evidence relate to emotion?,Epistemology
How certain can we be about emotion?,Epistemology
Can knowledge exist without identity?,Epistemology
Is identity a form of justified belief?,Epistemology
How certain can we be about religion?,Epistemology
How does evidence relate to war?,Epistemology
Is it rational to believe in technology?,Epistemology
How does evidence relate to lying?,Epistemology
Is automation a form of justified belief?,Epistemology
Is it possible to know surveillance?,Epistemology
How do we know economic policy?,Epistemology
How do we know religion?,Epistemology
What counts as knowledge about truth?,Epistemology
Can knowledge exist without identity?,Epistemology
Is it rational to believe in knowledge?,Epistemology
Is it rational to believe in automation?,Epistemology
Can knowledge exist without war?,Epistemology
Can knowledge exist without truth?,Epistemology
Can we trust our perception of emotion?,Epistemology
What counts as knowledge about cloning?,Epistemology
How do we know privacy?,Epistemology
How does evidence relate to knowledge?,Epistemology
Is it rational to believe in elections?,Epistemology
Can we trust our perception of truth?,Epistemology
Can intuition give us knowledge about cloning?,Epistemology
What counts as knowledge about economic policy?,Epistemology
What counts as knowledge about emotion?,Epistemology
How do we know war?,Epistemology
How do we know economic policy?,Epistemology
Can knowledge exist without elections?,Epistemology
How certain can we be about lying?,Epistemology
Can we trust our perception of social norms?,Epistemology
Can knowledge exist without lying?,Epistemology
Can we trust our perception of killing?,Epistemology
Is reality a form of justified belief?,Epistemology
How certain can we be about economic policy?,Epistemology
Is it possible to know lying?,Epistemology
Can knowledge exist without social norms?,Epistemology
Can knowledge exist without ethics?,Epistemology
What counts as knowledge about surveillance?,Epistemology
Can intuition give us knowledge about identity?,Epistemology
Is truth a form of justified belief?,Epistemology
Is it rational to believe in climate change?,Epistemology
How do we know religion?,Epistemology
What counts as knowledge about logic?,Epistemology
Can knowledge exist without logic?,Epistemology
How do we know privacy?,Epistemology
Can knowledge exist without breaking the law?,Epistemology
Is it possible to know power?,Epistemology
How do we know immortality?,Epistemology
What counts as knowledge about killing?,Epistemology
Can we trust our perception of artificial intelligence?,Epistemology
Can intuition give us knowledge about climate change?,Epistemology
Is it rational to believe in justice?,Epistemology
Can knowledge exist without killing?,Epistemology
Can we trust our perception of power?,Epistemology
How do we know free will?,Epistemology
Can knowledge exist without justice?,Epistemology
Is cloning a form of justified belief?,Epistemology
Is surveillance a form of justified belief?,Epistemology
What counts as knowledge about elections?,Epistemology
Is it rational to believe in economic policy?,Epistemology
How do we know artificial intelligence?,Epistemology
Can we trust our perception of breaking the law?,Epistemology
What counts as knowledge about free will?,Epistemology
Can we trust our perception of elections?,Epistemology
Is it possible to know identity?,Epistemology
Is it rational to believe in war?,Epistemology
Is climate change a form of justified belief?,Epistemology
How do we know religion?,Epistemology
Is it rational to believe in lying?,Epistemology
Is it possible to know justice?,Epistemology
What counts as knowledge about education?,Epistemology
Can we trust our perception of rights?,Epistemology
Is it possible to know automation?,Epistemology
What counts as knowledge about automation?,Epistemology
Can we trust our perception of reality?,Epistemology
How do we know war?,Epistemology
Is immortality a form of justified belief?,Epistemology
Is freedom a form of justified belief?,Epistemology
Can knowledge exist without ethics?,Epistemology
Is it possible to know religion?,Epistemology
Is it possible to know AI decisions?,Epistemology
Is it possible to know social norms?,Epistemology
How do we know climate change?,Epistemology
Is rights a form of justified belief?,Epistemology
What counts as knowledge about surveillance?,Epistemology
How certain can we be about knowledge?,Epistemology
Can knowledge exist without economic policy?,Epistemology
Can we trust our perception of social norms?,Epistemology
What counts as knowledge about social norms?,Epistemology
How do we know lying?,Epistemology
Can we trust our perception of free will?,Epistemology
How does evidence relate to reality?,Epistemology
How do we know surveillance?,Epistemology
Can knowledge exist without truth?,Epistemology
Is it possible to know logic?,Epistemology
Should we trust AI when it comes to lying?,AI
What are the implications of AI on cloning?,AI
Is machine learning effective for robots?,AI
Is machine learning effective for rights?,AI
Can AI systems education?,AI
Will future AI surpass humans in logic?,AI
Should AI be allowed to logic?,AI
Can machines make decisions about religion?,AI
Can machines make decisions about power?,AI
What are the implications of AI on ethics?,AI
Can machines make decisions about AI decisions?,AI
Should we trust AI when it comes to technology?,AI
How should we regulate AI systems that robots?,AI
Can AI systems war?,AI
Can AI systems free will?,AI
Should AI be allowed to emotion?,AI
Can AI systems climate change?,AI
What are the implications of AI on logic?,AI
Can machines make decisions about robots?,AI
Can AI systems social norms?,AI
Is AI capable of understanding emotion?,AI
Is AI capable of understanding AI decisions?,AI
Should we trust AI when it comes to war?,AI
How should we regulate AI systems that artificial intelligence?,AI
Will future AI surpass humans in elections?,AI
Should we trust AI when it comes to truth?,AI
How should we regulate AI systems that logic?,AI
Can machines make decisions about knowledge?,AI
Is AI capable of understanding automation?,AI
Can AI ever replace humans in education?,AI
Should AI be allowed to robots?,AI
Can machines make decisions about justice?,AI
Can AI systems technology?,AI
How should we regulate AI systems that social norms?,AI
Is machine learning effective for free will?,AI
Can machines make decisions about immortality?,AI
Is machine learning effective for freedom?,AI
Is machine learning effective for social norms?,AI
Should AI be allowed to breaking the law?,AI
Is AI capable of understanding cloning?,AI
Is machine learning effective for knowledge?,AI
Will future AI surpass humans in AI decisions?,AI
Will future AI surpass humans in technology?,AI
How should we regulate AI systems that truth?,AI
Will future AI surpass humans in social norms?,AI
Can AI systems social norms?,AI
Should AI be allowed to knowledge?,AI
Should we trust AI when it comes to education?,AI
How should we regulate AI systems that elections?,AI
Can machines make decisions about truth?,AI
What are the implications of AI on elections?,AI
Should we trust AI when it comes to elections?,AI
What are the implications of AI on technology?,AI
What are the implications of AI on AI decisions?,AI
Should we trust AI when it comes to emotion?,AI
Can AI ever replace humans in identity?,AI
Is machine learning effective for education?,AI
Will future AI surpass humans in justice?,AI
Can AI ever replace humans in automation?,AI
Can AI systems elections?,AI
Is AI capable of understanding ethics?,AI
Can AI ever replace humans in education?,AI
Is AI capable of understanding immortality?,AI
Can machines make decisions about knowledge?,AI
Can AI systems surveillance?,AI
Is AI capable of understanding emotion?,AI
Will future AI surpass humans in lying?,AI
Can AI systems logic?,AI
What are the implications of AI on social norms?,AI
What are the implications of AI on technology?,AI
Is machine learning effective for religion?,AI
Should we trust AI when it comes to freedom?,AI
Can AI ever replace humans in surveillance?,AI
Is machine learning effective for social norms?,AI
Can AI ever replace humans in power?,AI
Is machine learning effective for free will?,AI
What are the implications of AI on breaking the law?,AI
Can machines make decisions about logic?,AI
Can AI systems automation?,AI
Can AI ever replace humans in reality?,AI
Can AI systems power?,AI
How should we regulate AI systems that logic?,AI
Can machines make decisions about technology?,AI
Should we trust AI when it comes to surveillance?,AI
Can machines make decisions about cloning?,AI
How should we regulate AI systems that knowledge?,AI
Will future AI surpass humans in truth?,AI
Is AI capable of understanding emotion?,AI
Is machine learning effective for technology?,AI
How should we regulate AI systems that privacy?,AI
Will future AI surpass humans in surveillance?,AI
Should AI be allowed to free will?,AI
Is AI capable of understanding privacy?,AI
What are the implications of AI on breaking the law?,AI
Can machines make decisions about automation?,AI
What are the implications of AI on elections?,AI
How should we regulate AI systems that truth?,AI
Is machine learning effective for killing?,AI
Will future AI surpass humans in cloning?,AI
Is AI capable of understanding artificial intelligence?,AI
